Variant,Time
Single Thread,93.16509747505188
Thread Pool,146.78957724571228
Process Pool,18.374879837036133
Separate Processes,31.830561876296997
